City_ID,City,Country,Lat,Lng,Max Temp,Humidity,Cloudiness,Wind Speed,Current Description
0,Marsa Matruh,EG,31.3525,27.2453,65.43,61,2,8.88,clear sky
1,Mar Del Plata,AR,-38.0023,-57.5575,66.09,90,98,8.99,overcast clouds
2,Mutis,CO,6.2262,-77.4044,76.53,88,100,2.48,overcast clouds
3,Dutse,NG,11.7594,9.3392,70.09,31,76,5.97,broken clouds
4,Punta Arenas,CL,-53.15,-70.9167,44.71,65,0,6.91,clear sky
5,Tiksi,RU,71.6872,128.8694,-16.73,100,90,7.36,overcast clouds
6,Luderitz,NA,-26.6481,15.1594,56.28,83,26,5.1,scattered clouds
7,Grindavik,IS,63.8424,-22.4338,41.47,93,75,11.5,broken clouds
8,Luau,AO,-10.7073,22.2247,63.64,99,100,3.24,overcast clouds
9,Ratlam,IN,23.3167,75.0667,65.41,48,1,7.38,clear sky
10,Rikitea,PF,-23.1203,-134.9692,74.44,87,97,14.0,overcast clouds
11,Busselton,AU,-33.65,115.3333,59.34,50,99,11.92,overcast clouds
12,Saskylakh,RU,71.9167,114.0833,-23.75,100,95,0.16,overcast clouds
13,Soyo,AO,-6.1349,12.3689,76.42,81,81,7.18,broken clouds
14,Maniitsoq,GL,65.4167,-52.9,21.16,68,100,8.72,overcast clouds
15,Nikolskoye,RU,59.7035,30.7861,53.49,92,100,11.34,overcast clouds
16,Hobart,AU,-42.8794,147.3294,61.27,62,20,17.27,few clouds
17,Bluff,NZ,-46.6,168.3333,58.8,73,100,10.58,overcast clouds
18,Puerto Palomas,MX,31.7667,-107.6167,52.7,23,100,9.69,overcast clouds
19,Qaanaaq,GL,77.484,-69.3632,-4.13,66,0,8.01,clear sky
20,Kenai,US,60.5544,-151.2583,37.49,92,100,11.5,light rain
21,Severo-Kurilsk,RU,50.6789,156.125,35.35,68,96,24.56,overcast clouds
22,Ushuaia,AR,-54.8,-68.3,44.26,65,20,17.27,few clouds
23,Charlestown,AU,-32.95,151.6667,78.58,82,33,3.0,scattered clouds
24,Bonthe,SL,7.5264,-12.505,77.49,81,10,4.76,clear sky
25,Ketchikan,US,55.3422,-131.6461,41.47,93,100,0.0,light rain
26,Provideniya,RU,64.3833,-173.3,15.62,67,0,8.99,clear sky
27,New Norfolk,AU,-42.7826,147.0587,60.93,45,90,4.0,overcast clouds
28,Vardo,NO,70.3705,31.1107,39.34,95,100,6.42,overcast clouds
29,Hilo,US,19.7297,-155.09,80.33,66,100,13.8,overcast clouds
30,Bowen,AU,-20.0167,148.2333,79.83,59,0,11.07,clear sky
31,San Policarpo,PH,12.1791,125.5072,83.68,80,9,9.55,clear sky
32,Saint-Philippe,RE,-21.3585,55.7679,71.19,76,7,6.15,clear sky
33,Avarua,CK,-21.2078,-159.775,77.05,65,40,9.22,scattered clouds
34,Bredasdorp,ZA,-34.5322,20.0403,64.58,85,98,5.41,overcast clouds
35,Olympia,US,47.0379,-122.9007,47.12,81,40,4.61,scattered clouds
36,Yeniseysk,RU,58.4497,92.1703,26.71,94,100,8.21,light snow
37,Mahebourg,MU,-20.4081,57.7,71.89,78,20,4.61,few clouds
38,Beloha,MG,-25.1667,45.05,71.56,89,18,8.95,few clouds
39,Port Alfred,ZA,-33.5906,26.891,64.18,95,93,1.01,overcast clouds
40,Iqaluit,CA,63.7506,-68.5145,4.73,84,75,3.44,light snow
41,Sakakah,SA,29.9697,40.2064,62.17,78,0,6.78,clear sky
42,Bengkulu,ID,-3.8004,102.2655,80.96,74,99,4.99,overcast clouds
43,Norman Wells,CA,65.282,-126.8329,1.44,92,20,3.44,few clouds
44,Kerch,UA,45.3583,36.4758,50.29,78,5,7.94,clear sky
45,Boa Vista,BR,2.8197,-60.6733,80.58,74,20,3.44,few clouds
46,Atuona,PF,-9.8,-139.0333,77.45,78,14,13.62,few clouds
47,Helena,US,46.5927,-112.0361,17.98,79,0,4.61,clear sky
48,Longyearbyen,SJ,78.2186,15.6401,15.64,79,0,9.22,clear sky
49,Pasni,PK,25.2631,63.471,78.01,65,0,6.13,clear sky
50,Buala,SB,-8.145,159.5921,78.58,87,100,1.66,light rain
51,Bitung,ID,1.4451,125.1824,76.05,64,100,1.72,overcast clouds
52,Ulaanbaatar,MN,47.9077,106.8832,-2.07,84,44,0.0,scattered clouds
53,Salihorsk,BY,52.7876,27.5415,43.83,97,100,8.34,overcast clouds
54,Sarangani,PH,5.4033,125.4636,82.65,77,74,13.89,broken clouds
55,Zhigansk,RU,66.7697,123.3711,-17.07,97,99,12.75,overcast clouds
56,Chokurdakh,RU,70.6333,147.9167,-25.94,99,89,6.67,overcast clouds
57,Sao Jose Da Coroa Grande,BR,-8.8978,-35.1478,76.96,85,2,6.91,clear sky
58,Kapaa,US,22.0752,-159.319,80.58,64,100,18.41,overcast clouds
59,Iisalmi,FI,63.5592,27.1907,44.74,94,100,6.24,light rain
60,Stuttgart,DE,48.7823,9.177,41.58,95,75,2.64,broken clouds
61,Crossfield,CA,51.4334,-114.0353,20.79,77,89,5.84,overcast clouds
62,Khani,GE,41.9563,42.9566,33.37,76,9,4.23,clear sky
63,Butaritari,KI,3.0707,172.7902,81.84,74,91,14.52,overcast clouds
64,Hermanus,ZA,-34.4187,19.2345,59.81,79,0,8.34,clear sky
65,Port Elizabeth,ZA,-33.918,25.5701,66.45,86,79,2.44,broken clouds
66,Castro,BR,-24.7911,-50.0119,55.45,99,60,4.92,broken clouds
67,Baglung,NP,28.2719,83.5898,55.67,57,0,5.1,clear sky
68,Seymchan,RU,62.8833,152.4333,-9.9,93,100,2.46,overcast clouds
69,Mozarlandia,BR,-14.7447,-50.5706,79.32,57,95,3.36,overcast clouds
70,Vrangel,RU,42.7297,133.0839,51.42,96,96,4.38,overcast clouds
71,Uvat,RU,59.1433,68.8953,32.83,98,100,7.02,light snow
72,Kargasok,RU,59.0556,80.8572,24.69,96,100,7.49,overcast clouds
73,Jamestown,US,42.097,-79.2353,61.02,72,100,3.44,mist
74,Mataura,NZ,-46.1927,168.8643,58.48,53,100,7.92,overcast clouds
75,Boyuibe,BO,-20.4167,-63.2833,71.01,70,8,3.09,clear sky
76,Albany,US,42.6001,-73.9662,67.68,95,100,1.99,overcast clouds
77,Tupancireta,BR,-29.0806,-53.8358,61.18,94,74,10.42,broken clouds
78,Kajaani,FI,64.2273,27.7285,44.65,87,100,9.22,moderate rain
79,Gat,IL,31.61,34.7642,66.4,65,0,0.67,clear sky
80,Arraial Do Cabo,BR,-22.9661,-42.0278,72.32,94,100,11.45,light rain
81,Roma,US,43.2128,-75.4557,65.88,94,100,10.36,overcast clouds
82,Ilulissat,GL,69.2167,-51.1,12.22,79,100,4.61,overcast clouds
83,Leningradskiy,RU,69.3833,178.4167,-10.55,97,36,6.44,scattered clouds
84,Wewak,PG,-3.5534,143.6268,86.63,68,100,1.68,overcast clouds
85,Kodiak,US,57.79,-152.4072,44.11,81,100,11.5,light rain
86,Zagra,RO,47.3333,24.2833,42.1,87,99,0.96,overcast clouds
87,Tasiilaq,GL,65.6145,-37.6368,35.76,68,100,25.97,overcast clouds
88,Porto Belo,BR,-27.1578,-48.5531,71.69,91,100,7.7,overcast clouds
89,Uyovu,TZ,-3.2833,31.5258,63.64,96,100,3.42,light rain
90,Samarai,PG,-10.6167,150.6667,81.39,78,96,10.36,overcast clouds
91,Kuvshinovo,RU,57.0295,34.1725,47.7,97,100,12.17,overcast clouds
92,Yulara,AU,-25.2406,130.9889,94.19,13,0,14.0,clear sky
93,Deputatskiy,RU,69.3,139.9,-8.88,98,100,1.79,overcast clouds
94,Sao Filipe,CV,14.8961,-24.4956,77.07,72,60,5.46,broken clouds
95,Gobabis,NA,-22.45,18.9667,69.8,18,85,6.67,overcast clouds
96,Alta Floresta,BR,-9.8756,-56.0861,70.54,97,86,2.24,light rain
97,Faya,SA,18.3851,42.4509,51.91,63,2,1.39,clear sky
98,Palana,RU,59.1167,159.9667,20.37,82,100,10.13,overcast clouds
99,Vaini,TO,-21.2,-175.2,84.36,74,20,10.36,few clouds
100,Coxim,BR,-18.5067,-54.76,72.66,82,100,3.78,light rain
101,Coahuayana,MX,18.7333,-103.6833,74.46,92,39,1.14,scattered clouds
102,Dikson,RU,73.5069,80.5464,-4.97,100,55,4.29,broken clouds
103,Yanji,CN,42.9075,129.5078,48.47,85,100,2.82,overcast clouds
104,Ambilobe,MG,-13.2,49.05,71.33,80,64,3.8,broken clouds
105,Tuatapere,NZ,-46.1333,167.6833,58.46,68,100,7.72,overcast clouds
106,Adrar,MR,20.5022,-10.0711,70.27,14,57,9.91,broken clouds
107,Kawalu,ID,-7.3817,108.2082,80.67,75,100,2.71,overcast clouds
108,Were Ilu,ET,10.6,39.4333,43.39,79,28,5.84,scattered clouds
109,Tornio,FI,65.8481,24.1466,44.62,88,100,14.94,light rain
110,Yarada,IN,17.65,83.2667,79.12,69,75,9.22,haze
111,Iquitos,PE,-3.7481,-73.2472,80.64,83,75,4.61,broken clouds
112,Hithadhoo,MV,-0.6,73.0833,81.61,78,100,15.88,overcast clouds
113,Ladispoli,IT,41.9537,12.0735,57.25,72,100,5.01,overcast clouds
114,Union,US,40.6334,-74.2663,71.67,96,100,10.36,overcast clouds
115,Kungurtug,RU,50.5994,97.5228,14.09,74,100,1.05,overcast clouds
116,San Patricio,US,28.017,-97.5169,67.84,81,100,20.4,overcast clouds
117,Chuy,UY,-33.6971,-53.4616,60.76,96,4,7.81,clear sky
118,Tautira,PF,-17.7333,-149.15,77.85,80,83,7.09,light rain
119,Guerrero Negro,MX,27.9769,-114.0611,64.98,57,91,14.9,overcast clouds
120,Kruisfontein,ZA,-34.0033,24.7314,63.66,84,1,2.48,clear sky
121,Torbay,CA,47.6666,-52.7314,37.27,87,100,2.3,overcast clouds
122,Marzuq,YE,14.4,46.4667,61.11,68,0,2.33,clear sky
123,Sao Joao Da Barra,BR,-21.6403,-41.0511,73.65,92,56,12.73,heavy intensity rain
124,Yellowknife,CA,62.456,-114.3525,25.32,86,100,21.85,light snow
125,Oktyabrskiy,RU,54.4815,53.471,39.29,94,100,14.05,overcast clouds
126,Seoul,KR,37.5683,126.9778,63.97,55,40,10.36,scattered clouds
127,Nemuro,JP,43.3236,145.575,53.28,72,100,26.46,overcast clouds
128,Nanortalik,GL,60.1432,-45.2371,24.62,85,100,4.32,overcast clouds
129,Portland,US,45.5234,-122.6762,44.82,77,100,13.8,overcast clouds
130,Bathsheba,BB,13.2167,-59.5167,81.21,78,20,14.97,few clouds
131,Hammerfest,NO,70.6634,23.6821,32.45,86,40,5.75,light snow
132,Turukhansk,RU,65.8167,87.9833,-24.07,100,87,1.23,overcast clouds
133,Sambava,MG,-14.2667,50.1667,69.49,84,13,7.9,few clouds
134,Puerto Cabezas,NI,14.0351,-83.3888,77.72,84,48,6.53,scattered clouds
135,Anadyr,RU,64.75,177.4833,-10.7,76,20,8.95,mist
136,Puerto Ayora,EC,-0.7393,-90.3518,68.56,84,99,5.99,overcast clouds
137,Haian,CN,32.5436,120.45,76.01,69,84,11.1,broken clouds
138,Airai,TL,-8.9266,125.4092,75.58,56,93,1.9,overcast clouds
139,Buarcos,PT,40.166,-8.8768,59.34,74,0,6.53,clear sky
140,Westerland,DE,54.9079,8.3033,55.42,94,100,17.27,overcast clouds
141,Khandyga,RU,62.6667,135.6,0.39,94,100,7.45,overcast clouds
142,Tuktoyaktuk,CA,69.4541,-133.0374,23.0,100,100,9.22,light snow
143,Faanui,PF,-16.4833,-151.75,78.66,73,83,3.0,light rain
144,Takoradi,GH,4.8845,-1.7554,77.18,87,26,4.36,scattered clouds
145,Mizdah,LY,31.4451,12.9801,55.47,91,0,5.26,clear sky
146,Los Alamos,US,35.8881,-106.307,32.65,40,0,1.01,clear sky
147,Pouebo,NC,-20.4,164.5667,80.91,67,48,8.95,scattered clouds
148,Cape Town,ZA,-33.9258,18.4232,62.1,82,75,11.5,broken clouds
149,Hit,IQ,33.6416,42.8251,67.59,50,89,8.86,overcast clouds
150,Porto Novo,BJ,6.4965,2.6036,80.42,88,100,3.85,overcast clouds
151,Senanga,ZM,-16.1167,23.2667,67.32,89,99,3.53,light rain
152,Pangnirtung,CA,66.1451,-65.7125,-5.01,88,97,4.47,overcast clouds
153,Isangel,VU,-19.55,169.2667,84.31,79,100,10.36,overcast clouds
154,Lake Havasu City,US,34.4839,-114.3224,60.22,25,0,8.05,clear sky
155,East London,ZA,-33.0153,27.9116,70.43,89,62,12.97,broken clouds
156,High Level,CA,58.5169,-117.136,15.91,86,75,3.44,smoke
157,Soloneshnoye,RU,51.6544,84.3197,25.95,83,100,4.52,overcast clouds
158,Havelock,US,34.8791,-76.9013,76.98,89,75,16.11,broken clouds
159,Barrow,US,71.2906,-156.7887,8.49,94,57,10.09,broken clouds
160,Bonavista,CA,48.6499,-53.1147,33.75,66,100,8.28,overcast clouds
161,Naze,JP,28.3667,129.4833,74.32,95,100,18.66,overcast clouds
162,San Cristobal,VE,7.7669,-72.225,69.98,97,91,2.28,light rain
163,Constitucion,CL,-35.3333,-72.4167,55.0,92,94,12.88,overcast clouds
164,Dawson Creek,CA,55.7666,-120.2362,31.64,69,75,3.44,broken clouds
165,Togitsu,JP,32.8333,129.85,69.78,68,20,5.75,few clouds
166,Vallenar,CL,-28.5708,-70.7581,59.13,68,53,2.51,broken clouds
167,Zyryanka,RU,65.75,150.85,-20.2,98,99,0.51,overcast clouds
168,Xuddur,SO,4.1213,43.8894,70.11,87,4,10.42,clear sky
169,Cabinda,AO,-5.55,12.2,76.35,83,93,5.44,overcast clouds
170,Lebu,CL,-37.6167,-73.65,54.23,91,100,12.62,overcast clouds
171,Abha,SA,18.2164,42.5053,51.62,54,0,0.0,clear sky
172,Bom Jesus,BR,-9.0744,-44.3586,75.7,67,12,0.16,few clouds
173,Korcula,HR,42.9622,17.1369,61.81,47,100,8.57,overcast clouds
174,Todos Santos,MX,23.45,-110.2167,72.66,80,27,4.29,scattered clouds
175,Alofi,NU,-19.0595,-169.9187,80.49,74,75,10.36,broken clouds
176,Thompson,CA,55.7435,-97.8558,-12.84,77,0,2.3,clear sky
177,Klaksvik,FO,62.2266,-6.589,49.12,80,96,24.9,overcast clouds
178,Kavaratti,IN,10.5669,72.642,82.81,53,100,4.68,overcast clouds
179,Mulege,MX,26.8833,-111.9833,66.67,56,43,10.0,scattered clouds
180,Razole,IN,16.4833,81.8333,77.65,72,99,7.81,overcast clouds
181,Dunedin,NZ,-45.8742,170.5036,64.8,66,18,7.0,few clouds
182,Arona,ES,28.0996,-16.681,66.38,69,20,16.11,few clouds
183,Shizunai,JP,42.3339,142.3669,53.96,58,36,10.11,scattered clouds
184,Esperance,AU,-33.8667,121.9,57.04,79,95,27.31,overcast clouds
185,Tecoanapa,MX,16.5167,-98.75,79.52,81,20,5.32,few clouds
186,Karonga,MW,-9.9333,33.9333,74.5,77,55,4.27,broken clouds
187,Kibala,TD,9.1104,18.3463,69.75,100,0,2.3,clear sky
188,La Grande,US,45.3246,-118.0877,33.57,70,100,7.83,overcast clouds
189,Upernavik,GL,72.7868,-56.1549,11.01,83,96,6.62,overcast clouds
190,Mucuri,BR,-18.0864,-39.5508,75.13,85,100,10.76,overcast clouds
191,Povenets,RU,62.8487,34.8262,44.04,86,100,12.57,overcast clouds
192,Nizwa,OM,22.9333,57.5333,68.58,72,0,1.34,clear sky
193,Guanica,PR,17.9716,-66.908,77.97,84,0,5.93,clear sky
194,Fairbanks,US,64.8378,-147.7164,21.6,88,40,0.0,scattered clouds
195,La Primavera,CO,5.4906,-70.4092,77.56,80,28,3.44,scattered clouds
196,Dong Hoi,VN,17.4833,106.6,78.84,77,100,3.51,overcast clouds
197,Khatanga,RU,71.9667,102.5,-29.07,99,77,8.1,broken clouds
198,Kirensk,RU,57.7853,108.1119,24.93,85,99,13.0,overcast clouds
199,Puerto Leguizamo,CO,-0.1934,-74.7819,71.78,98,33,1.61,scattered clouds
200,Male,MV,4.1748,73.5089,78.75,83,75,16.11,broken clouds
201,Codrington,AU,-38.2667,141.9667,62.2,71,100,13.69,heavy intensity rain
202,Aykhal,RU,66.0,111.5,4.05,97,100,6.08,light snow
203,Stafford,GB,52.8052,-2.1164,54.27,90,98,11.74,overcast clouds
204,Beltangadi,IN,13.9833,75.3,70.03,80,100,8.84,overcast clouds
205,Carballo,ES,43.213,-8.691,56.62,87,0,4.74,clear sky
206,Bagan,RU,54.1001,77.6646,29.98,97,100,15.26,snow
207,Cabo San Lucas,MX,22.8909,-109.9124,76.6,70,71,4.0,broken clouds
208,Leh,IN,34.1667,77.5833,19.92,60,53,0.78,broken clouds
209,Bay Roberts,CA,47.5999,-53.2648,37.51,82,100,1.99,overcast clouds
210,Georgetown,MY,5.4112,100.3354,82.89,86,20,1.14,few clouds
211,Bilibino,RU,68.0546,166.4372,-17.99,96,82,3.71,broken clouds
212,Carnarvon,AU,-24.8667,113.6333,68.27,46,0,21.03,clear sky
213,Xiaoshi,CN,41.2971,124.1209,44.38,97,100,6.08,heavy intensity rain
214,Ribeira Grande,PT,38.5167,-28.7,62.78,72,33,18.01,scattered clouds
215,Velingara,SN,13.15,-14.1167,70.79,22,21,1.43,few clouds
216,Itoman,JP,26.1247,127.6694,79.18,92,75,16.11,broken clouds
217,Yebaishou,CN,41.3975,119.6408,31.03,91,100,19.26,light snow
218,Dakar,SN,14.6937,-17.4441,76.08,68,86,12.73,overcast clouds
219,Ostrovnoy,RU,68.0531,39.5131,36.37,98,100,11.14,light rain
220,Ukiah,US,39.1502,-123.2078,52.93,72,0,0.0,clear sky
221,Coihaique,CL,-45.5752,-72.0662,56.01,76,41,2.3,light rain
222,Menongue,AO,-14.6585,17.691,65.34,42,93,6.24,overcast clouds
223,Stillwater,US,36.1156,-97.0584,38.55,59,100,11.9,overcast clouds
224,Souillac,MU,-20.5167,57.5167,71.98,78,20,4.61,few clouds
225,Erzin,TR,36.9559,36.2,60.31,55,0,5.99,clear sky
226,Aklavik,CA,68.2191,-135.0107,1.49,96,29,6.11,scattered clouds
227,Galveston,US,29.3669,-94.9669,65.97,92,81,8.01,broken clouds
228,Shimoda,JP,34.6667,138.95,68.36,71,25,9.51,scattered clouds
229,Kaitangata,NZ,-46.2817,169.8464,66.72,51,99,9.28,overcast clouds
230,Okha,RU,53.5739,142.9478,30.22,61,73,6.69,broken clouds
231,Mayumba,GA,-3.432,10.6554,76.55,88,98,7.02,light rain
232,Gander,CA,48.9682,-54.5906,30.33,86,100,0.0,overcast clouds
233,Mugumu,TZ,-1.85,34.7,60.21,84,92,3.29,overcast clouds
234,Sinteu,RO,47.15,22.4833,40.12,83,62,2.98,broken clouds
235,Abrau-Dyurso,RU,44.69,37.59,40.46,77,7,5.23,clear sky
236,Nanakuli,US,21.3906,-158.1547,82.35,46,75,17.27,broken clouds
237,Sefophe,BW,-22.1833,27.9667,68.43,83,100,8.39,overcast clouds
238,Emba,KZ,48.8264,58.1442,31.39,94,28,8.32,scattered clouds
239,Pyay,MM,18.8167,95.2167,75.38,70,2,6.51,clear sky
240,Melbu,NO,68.5044,14.8297,44.42,93,75,3.44,moderate rain
241,Tinqueux,FR,49.25,3.9833,44.62,100,100,6.91,fog
242,Bambous Virieux,MU,-20.3428,57.7575,71.85,78,20,4.61,few clouds
243,Severodvinsk,RU,64.5635,39.8302,39.31,96,100,12.35,light rain
244,Mount Gambier,AU,-37.8333,140.7667,65.43,61,100,10.0,overcast clouds
245,Sharjah,AE,25.3573,55.4033,76.98,94,0,3.44,mist
246,Nha Trang,VN,12.25,109.1833,78.8,83,100,5.99,moderate rain
247,Nome,US,64.5011,-165.4064,15.12,76,49,10.16,scattered clouds
248,Giddalur,IN,15.35,78.9167,71.87,84,100,8.21,overcast clouds
249,Saint-Joseph,RE,-21.3667,55.6167,70.18,75,6,5.66,clear sky
250,Geraldton,AU,-28.7667,114.6,66.61,34,1,14.97,clear sky
251,Severo-Yeniseyskiy,RU,60.3725,93.0408,19.02,91,100,11.21,overcast clouds
252,Charleston,US,32.7766,-79.9309,73.02,92,0,10.36,clear sky
253,Portales,US,34.1862,-103.3344,36.01,42,0,7.78,clear sky
254,Sasykoli,RU,47.5515,46.9968,37.38,83,0,6.6,clear sky
255,Den Helder,NL,52.9599,4.7593,51.78,94,75,5.99,mist
256,Vila Franca Do Campo,PT,37.7167,-25.4333,61.21,77,1,6.69,clear sky
257,Ambon,ID,-3.6954,128.1814,84.34,79,40,3.44,scattered clouds
258,Nordfjordeid,NO,61.9063,5.9915,54.28,71,75,5.75,broken clouds
259,Saldanha,ZA,-33.0117,17.9442,62.65,85,14,10.47,few clouds
260,Komsomolskiy,UZ,40.4272,71.7189,36.32,80,100,4.61,mist
261,Lensk,RU,60.7253,114.9278,23.36,91,100,15.97,light snow
262,Egvekinot,RU,66.3167,-179.1667,-0.17,84,2,7.72,clear sky
263,Ponta Do Sol,PT,32.6667,-17.1,66.83,82,42,3.94,scattered clouds
264,Mesetas,CO,3.3846,-74.0442,70.03,96,100,3.38,overcast clouds
265,Udachnyy,RU,66.4167,112.4,0.45,84,100,4.54,overcast clouds
266,Mumford,GH,5.2618,-0.759,78.21,84,78,4.56,broken clouds
267,Whitecourt,CA,54.1502,-115.6855,25.84,74,100,0.0,overcast clouds
268,Mendi,PG,-6.1761,143.6513,71.91,49,100,6.29,overcast clouds
269,Centerville,US,39.6284,-84.1594,52.29,88,100,11.5,overcast clouds
270,Flinders,AU,-34.5833,150.8552,72.25,72,18,9.33,light rain
271,Hambantota,LK,6.1241,81.1185,75.54,100,20,1.14,few clouds
272,Saint George,US,37.1041,-113.5841,48.79,37,0,5.01,clear sky
273,Taranto,IT,40.6167,17.25,57.85,85,93,16.35,overcast clouds
274,Luanda,AO,-8.8368,13.2343,74.57,78,93,6.62,overcast clouds
275,Malinovoye Ozero,RU,51.6753,79.7825,28.92,83,100,13.13,overcast clouds
276,Tymovskoye,RU,50.8456,142.655,29.5,84,96,6.08,overcast clouds
277,Yenagoa,NG,4.9247,6.2642,76.03,93,100,3.74,overcast clouds
278,Cuajinicuilapa,MX,16.4667,-98.4167,76.93,87,31,0.96,scattered clouds
279,Sitka,US,57.0531,-135.33,39.0,94,100,4.43,light rain
280,Honiara,SB,-9.4333,159.95,77.54,95,100,7.11,overcast clouds
281,Avera,US,33.194,-82.5271,67.51,92,100,13.02,overcast clouds
282,Coolum Beach,AU,-26.5333,153.1,82.35,74,5,11.83,clear sky
283,San Quintin,MX,30.4833,-115.95,61.27,53,0,4.03,clear sky
284,Sao Sebastiao,BR,-23.76,-45.4097,70.7,96,100,3.44,overcast clouds
285,Koumac,NC,-20.5667,164.2833,78.62,74,76,12.88,broken clouds
286,Kumluca,TR,36.3703,30.2869,62.78,54,0,6.04,clear sky
287,Bethel,US,41.3712,-73.414,69.89,86,100,9.22,overcast clouds
288,Gusau,NG,12.1628,6.6614,74.66,28,85,10.42,overcast clouds
289,Cortez,US,37.3489,-108.5859,28.71,64,0,4.32,clear sky
290,Asekeyevo,RU,53.5742,52.7972,39.16,93,100,14.88,overcast clouds
291,Pisco,PE,-13.7,-76.2167,64.02,88,0,16.11,clear sky
292,Pleasanton,US,37.6624,-121.8747,55.06,69,99,1.99,overcast clouds
293,Oda,JP,35.1833,132.5,59.77,63,0,7.94,clear sky
294,Cairns,AU,-16.9167,145.7667,90.07,51,40,9.22,scattered clouds
295,Harper,LR,4.375,-7.7169,77.13,87,100,6.64,overcast clouds
296,Korla,CN,41.7597,86.1469,36.1,49,25,2.15,scattered clouds
297,Lasa,IT,46.6166,10.7002,49.23,45,100,0.94,overcast clouds
298,Porbandar,IN,21.6422,69.6093,77.43,42,2,9.19,clear sky
299,Amuntai,ID,-2.4177,115.2494,82.31,78,100,1.61,overcast clouds
300,Micheweni,TZ,-4.9667,39.8333,77.11,85,8,7.47,light rain
301,Chimoio,MZ,-19.1164,33.4833,67.95,100,40,0.51,scattered clouds
302,Acapulco,MX,16.8634,-99.8901,79.63,85,54,5.14,broken clouds
303,North Myrtle Beach,US,33.816,-78.68,72.21,96,100,21.85,overcast clouds
304,Tharad,IN,24.3961,71.6267,71.49,32,5,5.1,clear sky
305,High Rock,BS,26.6208,-78.2833,78.82,80,23,10.25,few clouds
306,Polunochnoye,RU,60.8697,60.4153,15.49,97,30,3.13,scattered clouds
307,Leiderdorp,NL,52.1571,4.5432,49.01,85,16,3.0,few clouds
308,Hobbs,US,32.7026,-103.136,40.05,37,0,9.22,clear sky
309,Shelburne,CA,44.0787,-80.2041,52.36,98,100,7.0,overcast clouds
310,Bahia Blanca,AR,-38.7196,-62.2724,57.63,86,100,9.33,overcast clouds
311,Sayaxche,GT,16.5167,-90.1667,72.19,89,5,2.28,clear sky
312,Lorengau,PG,-2.0226,147.2712,84.61,72,100,2.04,overcast clouds
313,Linqiong,CN,30.4159,103.4609,57.02,81,100,7.11,overcast clouds
314,Goya,AR,-29.14,-59.2626,73.54,60,12,10.38,few clouds
315,Octeville,FR,49.6261,-1.6435,46.89,93,81,6.91,broken clouds
316,Meulaboh,ID,4.1363,96.1285,77.68,86,100,4.32,light rain
317,Pimentel,PE,-6.8367,-79.9342,62.29,89,51,14.0,broken clouds
318,Bhiwani,IN,28.7833,76.1333,65.57,40,0,4.76,clear sky
319,Cidreira,BR,-30.1811,-50.2056,66.72,89,100,10.51,overcast clouds
320,Ca Mau,VN,9.1769,105.15,84.74,69,96,8.81,overcast clouds
321,Padang,ID,-0.9492,100.3543,78.85,86,100,3.53,overcast clouds
322,Mittagong,AU,-34.45,150.45,75.94,43,21,3.62,moderate rain
323,Palmer,US,42.1584,-72.3287,68.86,82,100,7.0,moderate rain
324,Vanimo,PG,-2.6741,141.3028,86.72,66,74,5.19,broken clouds
325,Katobu,ID,-4.9408,122.5276,89.8,54,68,3.09,broken clouds
326,Sonari,IN,27.0667,95.0333,66.25,80,0,1.81,clear sky
327,Waipawa,NZ,-41.4122,175.5153,67.55,73,25,3.76,scattered clouds
328,Miri,MY,4.4148,114.0089,84.34,79,20,3.44,few clouds
329,Maryborough,AU,-25.5333,152.7,83.84,38,1,9.35,clear sky
330,Prado,BR,-17.3411,-39.2208,74.48,87,98,7.16,overcast clouds
331,Mehamn,NO,71.0357,27.8492,35.51,100,100,4.61,light rain
332,Quatre Cocos,MU,-20.2078,57.7625,71.71,66,90,10.45,overcast clouds
333,Clarence Town,AU,-32.5833,151.7833,83.61,39,5,4.47,clear sky
334,Prescott Valley,US,34.5894,-112.3252,45.1,41,86,1.01,overcast clouds
335,Sao Miguel Do Araguaia,BR,-13.275,-50.1628,77.56,62,30,3.47,scattered clouds
336,Karatsu,JP,33.4425,129.9697,73.29,52,0,1.48,clear sky
337,Chunhuhub,MX,19.55,-88.6833,70.23,83,0,3.49,clear sky
338,Narsaq,GL,60.9167,-46.05,20.21,94,100,2.86,overcast clouds
339,Pitalito,CO,1.8497,-76.0479,63.05,97,95,2.42,overcast clouds
340,Lavrentiya,RU,65.5833,-171.0,17.1,76,2,8.81,clear sky
341,Bardiyah,LY,31.7561,25.0865,63.72,65,22,6.33,few clouds
342,Semey,KZ,50.4111,80.2275,23.22,86,0,6.71,clear sky
343,Kisangani,CD,0.5167,25.2,66.9,100,100,0.6,overcast clouds
344,Matagami,CA,49.7502,-77.6328,28.51,100,100,6.91,light snow
345,Hualmay,PE,-11.0964,-77.6139,64.42,82,11,12.15,few clouds
346,Nova Friburgo,BR,-22.2819,-42.5311,64.35,98,100,1.63,light rain
347,Port Hardy,CA,50.6996,-127.4199,41.18,93,75,3.44,broken clouds
348,Coquimbo,CL,-29.9533,-71.3436,56.93,94,0,4.61,clear sky
349,Wajima,JP,37.4,136.9,66.88,68,0,3.44,clear sky
350,Bilma,NE,18.6853,12.9164,68.56,28,9,7.78,clear sky
351,Iskateley,RU,67.6803,53.1512,12.36,87,100,12.84,overcast clouds
352,Buraydah,SA,26.326,43.975,64.85,60,100,9.33,light rain
353,Lucapa,AO,-8.4192,20.7447,63.61,98,100,3.11,overcast clouds
354,Karratha,AU,-20.7377,116.8463,84.92,24,0,0.36,clear sky
355,Jurado,CO,7.1053,-77.7641,76.23,91,100,3.4,light rain
356,Namibe,AO,-15.1961,12.1522,63.25,78,89,8.48,overcast clouds
357,Sechura,PE,-5.5569,-80.8222,62.58,86,37,12.15,scattered clouds
358,Inhambane,MZ,-23.865,35.3833,75.56,86,69,3.42,broken clouds
359,Ende,ID,-8.8432,121.6623,86.5,67,100,3.53,overcast clouds
360,Bima,ID,-8.4667,118.7167,87.67,64,100,3.11,overcast clouds
361,Botou,CN,38.0667,116.5667,54.48,51,100,18.03,overcast clouds
362,Nioro,GM,13.35,-15.75,72.36,72,54,4.79,broken clouds
363,Sao Felix Do Xingu,BR,-6.6447,-51.995,75.63,63,10,0.85,clear sky
364,Kayes,ML,14.0,-11.0,75.52,13,100,0.31,overcast clouds
365,Grand-Santi,GF,4.25,-54.3833,73.26,99,100,2.48,overcast clouds
366,Bairiki,KI,1.3292,172.9752,81.23,74,78,17.16,broken clouds
367,Hovd,MN,48.0056,91.6419,21.27,37,78,0.83,broken clouds
368,Vao,NC,-22.6667,167.4833,73.71,78,82,19.3,broken clouds
369,Nueva Gerona,CU,21.8833,-82.8,78.96,74,5,4.74,clear sky
370,Evensk,RU,61.95,159.2333,23.34,87,100,18.77,light snow
371,Shitanjing,CN,39.2342,106.3439,33.22,43,1,7.96,clear sky
372,Morro Bay,US,35.3658,-120.8499,59.0,73,99,6.24,overcast clouds
373,Mantua,IT,45.1667,10.7833,48.97,89,100,1.99,overcast clouds
374,Astana,KZ,51.1801,71.446,30.15,86,100,24.61,snow
375,Urumqi,CN,43.801,87.6005,31.15,69,0,8.95,clear sky
376,Rockland,US,41.1668,-74.0496,69.04,95,100,5.01,overcast clouds
377,Pevek,RU,69.7008,170.3133,-12.1,100,100,5.59,overcast clouds
378,Turkistan,KZ,43.0,68.0,32.68,76,0,4.41,clear sky
379,Hamilton,US,39.1834,-84.5333,53.19,85,100,14.97,overcast clouds
380,Ahipara,NZ,-35.1667,173.1667,67.3,74,14,10.63,few clouds
381,Sinnar,SD,13.5691,33.5672,72.95,25,100,11.81,overcast clouds
382,Lima,PE,-12.0432,-77.0282,64.9,80,100,13.8,overcast clouds
383,Vila Velha,BR,-20.3297,-40.2925,75.94,87,75,8.01,moderate rain
384,Te Anau,NZ,-45.4167,167.7167,65.53,58,100,1.1,overcast clouds
385,Tsumeb,NA,-19.2333,17.7167,67.17,37,78,3.4,broken clouds
386,Husavik,IS,66.0449,-17.3389,38.28,95,100,4.38,overcast clouds
387,Vanavara,RU,60.34,102.2797,23.14,89,100,14.16,overcast clouds
388,Abu Samrah,SY,35.3029,37.1841,58.8,64,66,6.17,broken clouds
389,Oranjemund,NA,-28.55,16.4333,58.24,83,41,7.49,scattered clouds
390,Kalakamati,BW,-20.5929,27.3121,65.91,83,100,7.9,light rain
391,Qandala,SO,11.472,49.8728,76.73,79,59,4.12,broken clouds
392,Ancud,CL,-41.8697,-73.8203,52.81,96,100,2.98,overcast clouds
393,Olga,RU,43.7444,135.2892,53.64,77,100,6.15,overcast clouds
394,Shahrud,IR,36.4182,54.9763,46.02,47,100,5.23,overcast clouds
395,College,US,64.8569,-147.8028,21.58,89,100,3.22,overcast clouds
396,Gornopravdinsk,RU,60.05,69.9,32.45,98,100,6.22,light snow
397,Hasaki,JP,35.7333,140.8333,72.21,66,31,3.96,scattered clouds
398,Candolim,IN,15.5181,73.7626,76.96,54,100,6.87,overcast clouds
399,Cine,TR,37.6117,28.0614,54.9,48,100,2.28,overcast clouds
400,Poshekhonye,RU,58.4993,39.1353,45.03,98,100,11.07,overcast clouds
401,Kongoussi,BF,13.3258,-1.5347,76.41,30,1,1.05,clear sky
402,Markova,UA,48.6758,24.4138,43.45,79,100,3.98,overcast clouds
403,Cap Malheureux,MU,-19.9842,57.6142,69.48,76,37,1.99,scattered clouds
404,Yumen,CN,40.2833,97.2,32.56,46,0,5.19,clear sky
405,Nuevo Progreso,MX,23.1667,-97.95,75.54,75,16,4.63,few clouds
406,Mayor Pablo Lagerenza,PY,-19.9309,-60.7718,87.55,40,62,9.17,broken clouds
407,Maple Valley,US,47.3927,-122.0464,45.86,66,88,3.67,overcast clouds
408,Plettenberg Bay,ZA,-34.0527,23.3716,62.92,91,13,5.57,few clouds
409,Port Keats,AU,-14.25,129.55,90.52,57,35,11.45,scattered clouds
410,Edd,ER,13.9297,41.6925,81.52,38,3,14.27,clear sky
411,Kendal,GB,54.3268,-2.7476,57.58,92,100,5.88,overcast clouds
412,Ilhabela,BR,-23.7781,-45.3581,70.93,95,100,3.6,overcast clouds
413,Portsmouth,GB,50.799,-1.0913,55.9,95,80,8.25,broken clouds
414,Grand Gaube,MU,-20.0064,57.6608,69.39,76,53,1.99,broken clouds
415,Port Blair,IN,11.6667,92.75,82.11,74,68,10.6,broken clouds
416,Corinto,GR,37.9407,22.9573,56.89,79,45,2.13,scattered clouds
417,Wawa,NG,9.9022,4.4192,77.49,51,58,1.54,broken clouds
418,Semporna,MY,4.4818,118.6112,82.78,79,34,3.06,scattered clouds
419,Taree,AU,-31.9,152.4667,79.99,47,16,6.42,few clouds
420,Kirakira,SB,-10.4544,161.9205,82.26,78,100,8.16,overcast clouds
421,Shetpe,KZ,44.1667,52.1167,37.09,61,9,6.17,clear sky
422,Labuhan,ID,-6.8844,112.2051,83.82,71,100,3.53,overcast clouds
423,Chimbote,PE,-9.0853,-78.5783,62.85,86,3,8.61,clear sky
424,Inuvik,CA,68.3499,-133.7218,4.53,99,92,5.03,overcast clouds
425,Ponta Delgada,PT,37.7333,-25.6667,61.52,67,40,9.22,scattered clouds
426,Saint-Francois,FR,46.4154,3.9054,47.68,100,100,5.75,fog
427,Emerald,AU,-23.5333,148.1667,84.34,45,0,8.75,clear sky
428,Taoudenni,ML,22.6783,-3.9836,76.21,15,100,11.1,overcast clouds
429,Gawan,IN,28.4333,78.35,63.19,48,0,6.6,clear sky
430,Arlit,NE,18.7369,7.3853,72.59,23,0,8.01,clear sky
431,Formosa,AR,-26.1775,-58.1781,72.54,79,3,6.53,clear sky
432,Parkes,AU,-33.1333,148.1833,78.51,52,100,7.47,overcast clouds
433,Langres,FR,47.8333,5.3333,43.14,81,73,3.42,broken clouds
434,Mount Isa,AU,-20.7333,139.5,82.17,54,100,17.27,thunderstorm
435,Tabory,RU,58.5198,64.5495,34.93,100,100,4.05,overcast clouds
436,Boguchar,RU,49.9358,40.545,37.81,93,86,6.87,overcast clouds
437,Nkhata Bay,MW,-11.6066,34.2907,73.2,81,92,3.76,light rain
438,Garowe,SO,8.4054,48.4845,72.3,68,14,7.85,few clouds
439,Iralaya,HN,15.0,-83.2333,79.54,79,61,6.55,broken clouds
440,Kenitra,MA,34.261,-6.5802,50.76,75,0,5.53,clear sky
441,Strezhevoy,RU,60.7333,77.5889,25.65,95,100,9.35,overcast clouds
442,Balikpapan,ID,-1.2675,116.8289,85.19,74,40,5.75,scattered clouds
443,El Alto,PE,-4.2714,-81.2147,62.4,85,100,16.67,overcast clouds
444,Colwyn Bay,GB,53.2948,-3.7267,57.06,3,3,1.01,clear sky
445,Krasnoselkup,RU,65.7,82.4667,-18.69,98,7,4.34,clear sky
446,Katsuura,JP,35.1333,140.3,69.1,65,20,0.67,few clouds
447,Hay River,CA,60.8156,-115.7999,21.58,77,100,10.89,overcast clouds
448,Wenling,CN,28.3669,121.36,75.04,80,1,0.51,clear sky
449,Dongsheng,CN,39.8161,109.9776,29.7,74,29,14.27,scattered clouds
450,Paita,PE,-5.0892,-81.1144,63.03,85,85,13.29,overcast clouds
451,Gazli,UZ,40.1333,63.45,36.61,64,2,9.86,clear sky
452,Gizo,SB,-8.103,156.8419,83.37,72,100,5.55,light rain
453,Santa Luzia,BR,-19.7697,-43.8514,63.5,94,100,3.83,moderate rain
454,Hof,DE,50.3167,11.9167,46.51,91,100,3.0,overcast clouds
455,Manyana,BW,-23.4,21.7167,65.46,84,100,11.21,light rain
456,Lagoa,PT,39.05,-27.9833,61.97,69,44,27.49,scattered clouds
457,Tanout,NE,14.9709,8.8879,72.5,24,4,11.21,clear sky
458,Teguldet,RU,57.3064,88.1667,26.19,95,98,8.21,light snow
459,South Lake Tahoe,US,38.9332,-119.9844,35.76,81,0,3.44,clear sky
460,Kipini,KE,-2.5257,40.5262,77.29,85,94,6.71,overcast clouds
461,Atar,MR,20.5169,-13.0499,74.53,13,0,6.69,clear sky
462,Kavieng,PG,-2.5744,150.7967,83.05,77,100,4.09,moderate rain
463,Talnakh,RU,69.4865,88.3972,-14.8,97,30,3.71,scattered clouds
464,Rudnaya Pristan,RU,44.3614,135.8116,49.93,82,100,4.14,overcast clouds
465,Kununurra,AU,-15.7667,128.7333,94.98,43,7,11.5,clear sky
466,Cockburn Town,TC,21.4612,-71.1419,81.97,75,0,16.4,clear sky
467,Urusha,RU,54.05,122.9,15.42,69,13,2.35,few clouds
468,Morondava,MG,-20.2833,44.2833,79.14,72,62,5.73,broken clouds
469,Nhulunbuy,AU,-12.2333,136.7667,90.21,58,40,8.05,scattered clouds
470,Haines Junction,CA,60.7522,-137.5108,20.86,96,100,3.96,light snow
471,Laguna,US,38.421,-121.4238,56.05,73,0,0.0,clear sky
472,Podor,MR,16.6527,-14.9587,81.36,12,85,9.33,overcast clouds
473,Conway,US,35.0887,-92.4421,49.95,67,100,10.36,overcast clouds
474,Berlevag,NO,70.8578,29.0864,35.4,93,75,6.91,light rain
475,Kushmurun,KZ,52.4503,64.6311,36.73,91,100,19.1,overcast clouds
476,Acatic,MX,20.7833,-102.8833,61.32,37,2,0.4,clear sky
477,Broome,US,42.2506,-75.833,67.17,84,100,8.05,overcast clouds
478,Kiruna,SE,67.8557,20.2251,34.72,87,75,11.5,broken clouds
479,Kargopol,RU,61.5071,38.9456,46.2,76,100,11.5,overcast clouds
480,Moron,AR,-34.6534,-58.6198,72.01,74,89,8.43,overcast clouds
481,Avenal,US,36.0041,-120.129,55.54,52,100,2.51,overcast clouds
482,Xai-Xai,MZ,-25.0519,33.6442,72.41,95,73,4.43,broken clouds
483,Kangaatsiaq,GL,68.3065,-53.4641,19.0,92,100,5.68,overcast clouds
484,Tutoia,BR,-2.7619,-42.2744,79.18,79,63,9.33,broken clouds
485,Anzio,IT,41.4853,12.6179,61.0,78,100,3.71,overcast clouds
486,Lodja,CD,-3.4833,23.4333,66.63,100,100,1.54,overcast clouds
487,Aranda De Duero,ES,41.6704,-3.6892,50.13,91,24,13.0,few clouds
488,Bauchi,NG,10.5,10.0,69.06,34,11,3.13,few clouds
489,Banda Aceh,ID,5.5577,95.3222,77.09,88,100,4.09,moderate rain
490,Vestmannaeyjar,IS,63.4427,-20.2734,46.13,88,94,16.87,overcast clouds
491,Rio Grande,BR,-32.035,-52.0986,64.29,92,0,10.11,light rain
492,Thinadhoo,MV,0.5333,72.9333,81.93,76,100,14.85,overcast clouds
493,Limoges,FR,45.75,1.3333,55.96,76,0,3.85,clear sky
494,Qui Nhon,VN,13.7667,109.2333,77.99,82,100,9.73,overcast clouds
495,Ayr,GB,55.4627,-4.6339,53.58,100,75,4.61,broken clouds
496,Rajur,IN,20.1167,78.9167,67.12,66,77,3.2,broken clouds
497,Gandai,IN,21.6667,81.1,67.37,61,100,4.83,overcast clouds
498,Tiznit,MA,29.5833,-9.5,68.04,24,86,10.89,overcast clouds
499,Sulangan,PH,11.1373,123.7228,83.3,77,39,9.89,scattered clouds
500,Rangapara,IN,26.8167,92.65,67.8,68,13,4.12,few clouds
501,Dinar,TR,38.065,30.1656,35.56,68,8,4.47,clear sky
502,Mitsamiouli,KM,-11.3847,43.2844,76.26,80,1,6.73,clear sky
503,Paamiut,GL,61.994,-49.6678,24.89,94,100,15.21,light snow
504,Samana,DO,19.2056,-69.3369,77.36,84,0,6.06,clear sky
505,Limenaria,GR,40.6261,24.5786,56.95,67,87,23.49,overcast clouds
506,Darnah,LY,32.767,22.6367,64.63,67,5,11.43,clear sky
507,Bosaso,SO,11.2842,49.1816,76.93,76,69,3.91,broken clouds
508,Kroya,ID,-7.6331,109.2461,82.04,78,73,3.51,broken clouds
509,Pestravka,RU,52.405,49.9583,39.83,83,100,15.59,overcast clouds
510,Khorinsk,RU,52.1657,109.7726,18.73,80,100,2.1,overcast clouds
511,Inta,RU,66.0317,60.1659,5.81,91,90,5.79,overcast clouds
512,Los Llanos De Aridane,ES,28.6585,-17.9182,64.15,44,0,9.22,clear sky
513,Jalu,LY,29.0331,21.5482,65.79,40,100,7.09,overcast clouds
514,Clyde River,CA,70.4692,-68.5914,-10.64,97,67,4.14,broken clouds
515,Douglas,US,41.3,-96.167,25.12,69,100,16.11,overcast clouds
516,Manta,EC,-0.95,-80.7333,69.58,88,75,9.22,broken clouds
517,Oranjestad,AW,12.524,-70.027,79.92,90,77,1.01,broken clouds
518,Toyooka,JP,35.5333,134.8333,70.66,60,0,6.08,clear sky
519,Saltillo,MX,25.4167,-101.0,67.28,26,0,6.38,clear sky
520,Sistranda,NO,63.7256,8.834,49.96,85,81,38.32,broken clouds
521,Mezhdurechensk,RU,53.6942,88.0603,30.56,94,100,7.09,light snow
522,Saint Anthony,US,45.0205,-93.218,30.25,75,100,17.27,overcast clouds
523,Damghan,IR,36.1683,54.348,47.32,43,100,2.28,overcast clouds
524,Aguilas,ES,37.4063,-1.5829,65.41,86,42,8.16,scattered clouds
525,San Buenaventura,MX,27.0833,-101.5333,68.47,56,31,20.87,scattered clouds
526,Loukhi,RU,66.0764,33.0381,35.58,91,78,7.92,broken clouds
527,Karachi,PK,24.9056,67.0822,67.82,83,8,3.44,smoke
528,Acari,PE,-15.4311,-74.6158,68.76,77,58,3.27,broken clouds
529,Prince Rupert,CA,54.3161,-130.3201,33.89,100,20,0.0,mist
530,Mildura,AU,-34.2,142.15,77.09,56,100,12.8,light rain
531,Mazagao,BR,-0.115,-51.2894,75.81,89,5,4.18,clear sky
532,Kabinda,CD,-6.1333,24.4833,64.15,98,100,5.73,light rain
533,Sabang,ID,5.8933,95.3214,79.21,79,100,4.14,overcast clouds
534,Nyurba,RU,63.2842,118.3319,9.16,94,100,9.04,light snow
535,Teya,RU,60.3778,92.6267,22.64,89,100,9.78,overcast clouds
536,Fontanka,UA,46.5626,30.8607,48.54,86,41,6.49,scattered clouds
537,Sabzevar,IR,36.2126,57.6819,51.46,39,91,5.39,overcast clouds
538,Nouadhibou,MR,20.931,-17.0347,69.4,85,0,10.8,clear sky
539,San Jeronimo,PE,-11.9472,-75.2829,52.54,79,65,2.73,broken clouds
540,Miles City,US,46.4083,-105.8406,4.17,92,0,0.0,clear sky
541,Yanam,IN,16.7333,82.2167,79.72,69,99,9.4,overcast clouds
542,Sola,VU,-13.8833,167.55,80.91,77,100,8.9,heavy intensity rain
543,Punta Alta,AR,-38.8759,-62.0736,58.32,85,100,12.55,overcast clouds
544,Lakes Entrance,AU,-37.8811,147.981,62.17,88,100,3.91,overcast clouds
545,Victoria,HK,22.2855,114.1577,79.25,82,72,5.01,broken clouds
546,Misratah,LY,32.3754,15.0925,68.14,65,11,6.62,few clouds
547,Fare,PF,-16.7,-151.0167,78.58,74,94,4.72,light rain
548,Omboue,GA,-1.5746,9.2618,75.63,90,87,5.06,light rain
549,Kaeo,NZ,-35.1,173.7833,68.43,69,50,11.18,scattered clouds
550,Hervey Bay,AU,-25.2986,152.8535,73.6,62,0,9.86,clear sky
551,Cozumel,MX,20.5083,-86.9458,78.08,85,0,4.0,clear sky
552,Kahului,US,20.8947,-156.47,82.42,64,20,19.57,few clouds
553,Kandalaksha,RU,67.162,32.4123,29.1,93,46,2.44,scattered clouds
554,Jumla,NP,29.2747,82.1838,43.39,40,0,2.86,clear sky
555,Waingapu,ID,-9.6567,120.2641,87.48,63,97,8.55,overcast clouds
556,Henties Bay,NA,-22.116,14.2845,57.99,92,0,7.11,clear sky
557,Punto Fijo,VE,11.6956,-70.1996,81.39,81,100,13.58,overcast clouds
558,Mikhaylovka,RU,50.06,43.2379,39.78,95,45,8.28,scattered clouds
559,Caceres,ES,39.522,-6.3748,52.52,93,62,5.99,light rain
560,Poso,ID,-1.3959,120.7524,86.85,63,98,2.62,overcast clouds
561,Tulum,MX,20.2167,-87.4667,75.07,80,0,5.73,clear sky
562,Ola,RU,59.5833,151.2833,3.15,75,0,7.76,clear sky
563,Paka,MY,4.6374,103.4368,76.37,82,100,4.65,moderate rain
564,Fortuna,US,40.5982,-124.1573,49.35,96,100,5.99,overcast clouds
565,Dong Xoai,VN,11.5333,106.9167,82.33,68,57,3.22,broken clouds
566,Kudahuvadhoo,MV,2.6708,72.8944,80.4,79,100,13.96,overcast clouds
567,Maceio,BR,-9.6658,-35.7353,76.44,94,20,4.61,few clouds
568,Nieuwpoort,BE,51.1244,2.7735,45.45,97,48,4.61,mist
569,Tessaoua,NE,13.7574,7.9874,73.51,25,0,8.86,clear sky
570,Khasan,RU,42.4308,130.6434,53.53,81,100,3.38,overcast clouds
571,Victor Harbor,AU,-35.5667,138.6167,62.67,93,100,10.63,moderate rain
572,Zaragoza,ES,41.6561,-0.8773,56.01,85,20,4.61,few clouds
573,Saint-Pierre,RE,-21.3393,55.4781,77.58,60,20,5.75,few clouds
574,Cherskiy,RU,68.75,161.3,-22.31,99,99,1.21,overcast clouds
575,Oktyabrskoye,RU,43.0645,44.7417,23.14,100,0,4.47,clear sky
576,Moose Factory,CA,51.2585,-80.6094,30.18,69,100,13.8,overcast clouds
577,Kenora,CA,49.8167,-94.4337,16.05,92,89,7.96,overcast clouds
578,Almaznyy,RU,48.0448,40.045,37.17,90,4,2.42,clear sky
579,Hami,CN,42.8,93.45,37.44,35,0,1.68,clear sky
580,Atasu,KZ,48.6814,71.6433,25.97,86,100,16.06,overcast clouds
581,Kuytun,RU,54.3419,101.5036,22.59,64,87,4.14,overcast clouds
582,Calabozo,VE,8.9242,-67.4293,75.15,92,92,4.9,overcast clouds
583,Roald,NO,62.5833,6.1333,55.76,87,75,24.16,drizzle
584,Beyneu,KZ,45.3167,55.2,38.23,80,1,7.25,clear sky
585,San Miguelito,PA,9.0333,-79.5,78.24,86,20,3.44,few clouds
586,Labrea,BR,-7.2586,-64.7981,73.33,99,100,3.29,overcast clouds
587,Yushala,RU,57.0761,64.2601,35.53,100,100,7.29,light rain
588,Sonoita,MX,31.85,-112.8333,61.14,26,100,7.09,overcast clouds
589,Uruacu,BR,-14.5247,-49.1408,71.78,80,78,3.71,broken clouds
590,Nieuw Amsterdam,SR,5.8833,-55.0833,77.16,93,75,6.44,broken clouds
591,Zhezkazgan,KZ,47.8043,67.7144,26.58,86,75,13.42,broken clouds
592,Jambi,ID,-1.6,103.6167,80.11,86,99,2.44,overcast clouds
593,Mizque,BO,-17.941,-65.3402,63.95,74,17,3.15,few clouds
594,Libin,BE,49.9833,5.2833,38.82,87,21,4.54,few clouds
595,Buinsk,RU,54.95,48.2833,42.3,90,100,15.52,overcast clouds
596,Channel-Port Aux Basques,CA,47.5702,-59.1367,40.55,69,100,5.88,overcast clouds
597,Bud,US,39.447,-86.1758,45.32,63,36,13.85,scattered clouds
598,Khash,IR,28.2211,61.2158,56.53,39,84,2.55,broken clouds
599,Majene,ID,-3.5403,118.9707,85.91,66,100,1.83,overcast clouds
600,Sainte-Julienne,CA,45.9668,-73.7159,59.02,99,100,6.11,overcast clouds
601,Lao Cai,VN,22.4833,103.95,78.39,62,43,1.48,scattered clouds
602,Shaunavon,CA,49.6501,-108.4181,6.19,92,6,6.17,clear sky
603,Qena,EG,26.1615,32.7183,63.52,56,0,5.37,clear sky
604,Albacete,ES,38.8333,-2.0,52.18,100,75,2.3,broken clouds
605,Seydi,TM,39.4816,62.9137,38.43,60,5,8.32,clear sky
606,Bauru,BR,-22.3147,-49.0606,67.82,82,100,1.99,overcast clouds
607,Tilichiki,RU,60.4667,166.1,16.99,86,100,8.72,overcast clouds
608,Akureyri,IS,65.6835,-18.0878,36.99,99,100,1.68,overcast clouds
609,Srinivaspur,IN,13.3333,78.2167,67.78,98,100,8.57,moderate rain
610,Olafsvik,IS,64.8945,-23.7142,42.01,92,100,13.62,overcast clouds
611,Antofagasta,CL,-23.65,-70.4,60.08,75,37,6.2,scattered clouds
612,Visby,SE,57.6409,18.296,55.06,87,6,21.85,clear sky
613,Yar-Sale,RU,66.8333,70.8333,-0.54,99,92,9.89,overcast clouds
614,Eravur,LK,7.7733,81.6095,77.67,86,98,5.75,overcast clouds
615,Santa Cruz,BO,-17.8,-63.1667,80.06,65,40,13.8,scattered clouds
616,Porto Velho,BR,-8.7619,-63.9039,73.45,94,0,2.3,clear sky
617,Evans,US,33.5337,-82.1307,67.5,97,100,5.75,overcast clouds
618,Nehe,CN,48.4833,124.8333,28.74,53,100,8.25,overcast clouds
619,Goderich,CA,43.7501,-81.7165,50.92,91,100,19.62,overcast clouds
620,Kaliwungu,ID,-6.9615,110.2531,85.95,74,20,2.3,few clouds
621,Umm Kaddadah,SD,13.6017,26.6876,68.67,27,100,12.97,overcast clouds
622,Bend,US,44.0582,-121.3153,36.25,76,0,3.44,clear sky
623,Calama,CL,-22.4667,-68.9333,50.49,11,0,4.61,clear sky
624,Igrim,RU,63.1906,64.4162,17.26,93,98,8.48,overcast clouds
625,Port Moresby,PG,-9.4431,147.1797,86.49,64,100,13.18,overcast clouds
626,Tucuma,BR,-0.1833,-50.05,77.49,87,6,5.97,clear sky
627,Boda,CF,4.3189,17.4695,68.32,97,100,2.33,overcast clouds
628,Tivaouane,SN,14.9515,-16.8129,75.54,73,71,7.94,broken clouds
629,Xiaoweizhai,CN,26.1903,107.5125,67.62,74,100,4.81,overcast clouds
630,Noyabrsk,RU,63.1994,75.4507,25.7,97,100,9.73,light snow
631,Tambovka,RU,50.0969,128.0489,17.31,88,55,6.67,broken clouds
632,Half Moon Bay,US,37.4636,-122.4286,55.9,77,0,11.5,clear sky
633,Yakeshi,CN,49.2833,120.7333,15.78,77,5,3.58,clear sky
634,Sinnamary,GF,5.3833,-52.95,78.3,88,45,5.39,scattered clouds
635,Dingle,PH,10.9995,122.6711,84.43,78,100,11.59,overcast clouds
636,Lompoc,US,34.6391,-120.4579,57.34,86,0,0.0,clear sky
637,Alto Araguaia,BR,-17.3147,-53.2153,69.6,84,100,4.43,light rain
638,Yeppoon,AU,-23.1333,150.7333,83.98,50,0,9.48,clear sky
639,Makakilo City,US,21.3469,-158.0858,79.12,54,40,16.11,scattered clouds
640,Natividade,BR,-21.0422,-41.9733,71.17,97,87,1.74,moderate rain
641,Tanda,IN,26.55,82.65,65.21,61,0,5.95,clear sky
642,Hulan,CN,45.9833,126.6,30.58,80,100,12.39,snow
643,Kamenka,RU,51.3223,42.7678,40.21,89,100,11.56,overcast clouds
644,Villazon,BO,-22.0866,-65.5942,51.8,42,7,4.85,clear sky
645,Yushan,CN,31.3776,120.9543,75.09,66,18,7.29,few clouds
646,Santa Fe,AR,-31.6333,-60.7,79.0,55,35,7.0,light rain
647,Shellbrook,CA,53.2168,-106.4011,-6.79,100,26,4.56,scattered clouds
648,Odweyne,SO,9.4092,45.064,68.76,70,6,7.36,clear sky
649,Wanning,CN,18.8003,110.3967,76.3,81,100,7.81,overcast clouds
650,Anamur,TR,36.0751,32.8369,65.05,47,0,6.98,clear sky
651,General Roca,AR,-39.0333,-67.5833,61.75,58,100,16.51,light rain
652,Touros,BR,-5.1989,-35.4608,78.19,73,48,12.01,scattered clouds
653,Dicabisagan,PH,17.0818,122.4157,84.7,72,14,7.11,few clouds
654,Caravelas,BR,-17.7125,-39.2481,74.61,85,100,6.71,overcast clouds
655,Beberibe,BR,-4.1797,-38.1306,78.15,76,58,11.05,broken clouds
656,Aasiaat,GL,68.7098,-52.8699,13.19,93,100,4.16,overcast clouds
657,Mayskiy,RU,47.6931,40.1025,42.21,91,9,1.48,clear sky
658,Manaure,CO,11.7751,-72.4445,80.37,83,100,10.83,overcast clouds
659,The Valley,AI,18.217,-63.0578,80.46,73,0,15.61,clear sky
660,Chicama,PE,-7.8447,-79.1469,61.34,83,28,6.62,scattered clouds
661,Payakumbuh,ID,-0.2202,100.6308,73.4,94,100,1.32,overcast clouds
662,Sangar,RU,63.9242,127.4739,-18.85,99,95,0.72,overcast clouds
663,Oksfjord,NO,70.2396,22.3479,37.58,90,96,3.62,overcast clouds
664,Pailon,BO,-17.65,-62.75,81.5,49,78,10.87,broken clouds
665,Amarante Do Maranhao,BR,-5.5667,-46.7422,71.89,94,18,2.46,few clouds
666,Kitimat,CA,54.0524,-128.6534,38.23,99,100,1.3,overcast clouds
667,Repcelak,HU,47.4211,17.018,35.65,71,100,3.76,overcast clouds
668,Fermo,IT,43.1647,13.7233,55.45,81,100,10.67,overcast clouds
669,Pandan,PH,14.0453,124.1694,84.9,75,100,9.06,overcast clouds
670,Tura,IN,25.5198,90.2201,70.07,75,28,1.99,scattered clouds
671,Chara,RU,56.9064,118.2631,11.14,70,24,2.37,few clouds
672,Port Hedland,AU,-20.3167,118.5667,89.65,29,0,10.36,clear sky
673,Sebring,US,27.4956,-81.4409,71.89,92,66,5.12,broken clouds
674,Iroquois Falls,CA,48.7669,-80.6831,27.03,96,100,7.2,snow
675,Saba,HN,15.4667,-86.25,68.36,97,49,2.37,scattered clouds
676,Ingham,US,42.6,-84.3833,44.55,75,100,13.8,overcast clouds
677,Mercedes,AR,-34.6515,-59.4307,70.65,81,95,11.41,overcast clouds
678,Olkhovka,RU,53.2115,60.6069,36.14,87,100,21.85,overcast clouds
679,La Ronge,CA,55.1001,-105.2842,12.0,90,49,11.01,scattered clouds
680,Riyadh,SA,24.6877,46.7219,68.14,33,14,7.92,few clouds
681,Upata,VE,8.0086,-62.3989,75.2,96,91,3.53,overcast clouds
682,Kiunga,PG,-6.1219,141.2906,90.84,53,90,3.53,overcast clouds
683,Inhapi,BR,-9.2214,-37.7486,73.49,84,7,8.01,light rain
684,Aksarka,RU,66.5606,67.7975,-1.86,95,33,12.91,scattered clouds
685,Tayshet,RU,55.9342,98.0044,26.85,79,78,8.79,broken clouds
686,Charters Towers,AU,-20.1,146.2667,90.16,30,0,10.47,clear sky
687,Pemba,MZ,-12.974,40.5178,75.7,84,6,6.13,clear sky
688,Chatellerault,FR,46.8,0.5333,47.12,89,100,6.46,overcast clouds
689,Namie,JP,37.4833,141.0,69.98,57,1,1.01,clear sky
690,Semnan,IR,35.5729,53.3971,50.02,42,100,3.33,overcast clouds
691,Simbahan,PH,6.3032,120.5836,83.05,72,80,2.26,broken clouds
692,Salalah,OM,17.0151,54.0924,77.09,61,0,4.61,clear sky
693,Namatanai,PG,-3.6667,152.4333,83.23,74,100,6.73,light rain
694,Krutinka,RU,56.0055,71.5113,34.41,99,100,13.69,light snow
695,Russell,US,32.3502,-85.1999,67.96,88,100,0.0,overcast clouds
696,Outjo,NA,-20.1167,16.15,58.1,42,29,6.2,scattered clouds
697,Masallatah,LY,32.6167,14.0,62.83,77,7,2.53,clear sky
698,Bismarck,US,46.8083,-100.7837,4.84,85,20,5.75,few clouds
699,Penzance,GB,50.1186,-5.5371,54.28,91,2,15.35,clear sky
700,Fort Nelson,CA,58.8053,-122.7002,12.9,97,38,2.8,scattered clouds
701,Sinop,TR,41.7711,34.8709,44.22,88,6,4.81,clear sky
702,Noumea,NC,-22.2763,166.4572,82.38,78,83,15.79,broken clouds
703,Sovetskiy,RU,61.3614,63.5842,17.67,95,71,7.23,broken clouds
704,Nachingwea,TZ,-10.3833,38.7667,68.59,91,48,3.38,scattered clouds
705,Asau,RO,46.4333,26.4,34.72,81,8,3.74,clear sky
706,Andenes,NO,69.3143,16.1194,35.92,93,100,4.61,light snow
707,Maldonado,UY,-34.6667,-54.9167,63.79,94,48,8.28,scattered clouds
708,Otradnoye,RU,59.7775,30.8181,53.65,92,100,11.34,overcast clouds
709,Cariacica,BR,-20.2639,-40.42,75.38,87,100,3.47,moderate rain
710,Dryden,CA,49.7833,-92.7503,17.89,86,100,12.66,overcast clouds
711,Smithers,CA,54.7804,-127.1743,21.52,100,75,0.0,broken clouds
712,Bodden Town,KY,19.2833,-81.25,81.0,75,0,8.68,clear sky
